epoch,stage,train_loss,head_lr,backbone_lr,optimizer_updates,overflow_skips,selected_as_best,val_loss,val_multi_nll,val_binary_nll,val_accuracy,val_balanced_accuracy,val_macro_f1,val_binary_auc,val_mel_recall,val_scc_recall
0,baseline,,0.0,0.0,0,0,True,0.7495975560913266,0.603467302958842,0.29226050626496924,0.8218799368088467,0.7426279026625667,0.7319025416332976,0.9442774112857739,0.6150442477876106,0.5079365079365079
1,fine_tune,0.892161046471681,1e-05,2e-06,1109,0,True,0.6984772856922304,0.558044708506216,0.2808651543720288,0.830173775671406,0.7534716293537483,0.7372251367010666,0.9510704563847266,0.6924778761061947,0.6825396825396826
2,fine_tune,0.8586948395807403,1e-05,2e-06,1109,0,True,0.7060681113548957,0.5647520965146184,0.28263202968055456,0.8357030015797788,0.7640239211340856,0.7494641264861717,0.9501248953366569,0.6858407079646017,0.6984126984126984
3,fine_tune,0.834845255288663,1e-05,2e-06,1109,0,True,0.7242456611231479,0.577633347813614,0.2932246266190679,0.8353080568720379,0.7830862566139593,0.7545001392376195,0.9503077715378768,0.7013274336283186,0.746031746031746
4,fine_tune,0.8146081931511296,1e-05,2e-06,1109,0,False,0.751287912157234,0.5938234776002647,0.31492886911393875,0.8293838862559242,0.7751531957283243,0.7427401326351221,0.9489876996486115,0.7212389380530974,0.7619047619047619
5,fine_tune,0.8043756449587636,1e-05,2e-06,1109,0,False,0.7391842892547735,0.5855939622160921,0.30718065407736306,0.834913112164297,0.7825222211389554,0.7550029918314667,0.950207574998511,0.7345132743362832,0.746031746031746
6,fine_tune,0.7849111563931745,1e-05,2e-06,1108,1,True,0.7314889259812613,0.5792195122681215,0.3045388274262795,0.8333333333333334,0.7748623416459135,0.7598336008426319,0.9506244766832844,0.661504424778761,0.7142857142857143
7,fine_tune,0.7691323398454601,1e-05,2e-06,1109,0,True,0.7461289631435565,0.5818600172799452,0.32853789172722253,0.8388625592417062,0.7846925355863037,0.7641615452148034,0.9502590746183948,0.7389380530973452,0.7777777777777778
8,fine_tune,0.7530032803003682,1e-05,2e-06,1107,2,False,0.7667267904972489,0.596658444322296,0.3401366923499059,0.834913112164297,0.7870182549131555,0.7598966923380169,0.9508546484537852,0.754424778761062,0.7777777777777778
