round,round_wall_seconds,val_accuracy,val_balanced_accuracy,val_macro_f1,val_binary_auc
0,0.0,0.03317535545023697,0.13198697148164198,0.024585738866220938,0.4338832465080104
1,354.1089559000002,0.6161137440758294,0.24779712223069725,0.21426414408153704,0.8171055812275126
2,345.67905059999975,0.6477093206951027,0.2816207481370956,0.25946639781254965,0.843441856228476
3,342.4653341000003,0.6646919431279621,0.2917872148245927,0.27865714856239054,0.8576823769702109
4,342.94101449999926,0.6718009478672986,0.30885124567002736,0.29870874562456484,0.8644817281450679
5,343.1871020999997,0.674565560821485,0.31394674307627224,0.3056452032805876,0.8706946142608403
6,343.3683860000001,0.6943127962085308,0.3478331145716412,0.3556954049120914,0.8777735348007805
7,341.17182689999936,0.7014218009478673,0.3755446433464343,0.3894462686484211,0.8784209585936049
8,338.8526357999999,0.6986571879936809,0.3576777304558688,0.3719835049510168,0.8798615466001493
9,346.11422760000005,0.7085308056872038,0.4029856449190411,0.4229034690721924,0.8839773121402472
10,341.94259820000025,0.7093206951026856,0.39423758907984013,0.416546593881985,0.8843087314627642
