bin_lower,bin_upper,count,mean_probability,observed_malignant_fraction
0.0,0.1,2199,0.011388055210183233,0.05320600272851296
0.1,0.2,143,0.14434034138317375,0.24475524475524477
0.2,0.30000000000000004,83,0.2511910630663585,0.26506024096385544
0.30000000000000004,0.4,65,0.3447860467661161,0.27692307692307694
0.4,0.5,46,0.4569201172333902,0.391304347826087
0.5,0.6000000000000001,37,0.5484639738389606,0.4594594594594595
0.6000000000000001,0.7000000000000001,53,0.6474080491884004,0.32075471698113206
0.7000000000000001,0.8,60,0.7527025244352255,0.6166666666666667
0.8,0.9,107,0.8523757850378323,0.6448598130841121
0.9,1.0,1005,0.9859923251098575,0.9164179104477612
