epoch,stage,train_loss,head_lr,val_loss,val_multi_nll,val_binary_nll,val_accuracy,val_macro_f1,val_binary_auc
1,warmup,1.940816259419116,0.0001,1.143222896404259,0.9276034235954285,0.43123894561766085,0.6816745655608215,0.39548622884907214,0.8616954936080915
2,warmup,1.7595058677899886,0.0001,1.1156904803678458,0.9101620316505432,0.41105689743460533,0.69826224328594,0.4884934030879418,0.8787800545825903
3,warmup,1.681075474216977,0.0001,1.0886816646671498,0.8835631608963013,0.41023700754169695,0.6998420221169036,0.5171445698806523,0.8829308538777113
4,fine_tune,1.5629870850223284,5e-05,0.9312506619160725,0.7525795102119446,0.35734230340825585,0.7488151658767772,0.6033894588168693,0.9067159708379022
5,fine_tune,1.419955965495205,5e-05,0.8446542231092983,0.6806839108467102,0.3279406245251762,0.7681674565560821,0.6487835515818583,0.9216690781568041
6,fine_tune,1.2996485698217064,5e-05,0.8982087365863245,0.7469689846038818,0.30247950396488527,0.7610584518167457,0.6529296565722513,0.9347401721558722
7,fine_tune,1.1985994352650826,5e-05,0.8085328053729017,0.6564781069755554,0.30410939679469273,0.782780410742496,0.6906390405401164,0.9351626792414491
8,fine_tune,1.1106991556505483,5e-05,0.799235914906512,0.644548773765564,0.3093742822818962,0.7966034755134281,0.7156057565786835,0.9419774452685162
9,fine_tune,1.0439312882172223,5e-05,0.7495975973326034,0.6034673452377319,0.29226050418974314,0.8218799368088467,0.7319025416332976,0.9442774112857739
10,fine_tune,0.9738609642420691,5e-05,0.7723866783385303,0.6190507411956787,0.306671874285703,0.8234597156398105,0.7443671550694828,0.9475866997852431
11,fine_tune,0.9086180799645179,5e-05,0.7929765146671536,0.6323992609977722,0.3211545073387628,0.8238546603475514,0.7555165091316753,0.9433945606591951
12,fine_tune,0.8221471724013482,2.5e-05,0.762545777788359,0.6013479828834534,0.3223955898098112,0.8333333333333334,0.7640791378256762,0.9503760873601715
13,fine_tune,0.7833324326630353,2.5e-05,0.7554700483280405,0.5869510769844055,0.33703794268727005,0.8420221169036335,0.7752249929831796,0.9499367640721836
