round,client_id,epsilon,accounted_steps,committed_updates,uncertain_slots
1,0,4.353026024252815,70,70,0
1,1,4.353026024252815,70,70,0
1,2,4.353026024252815,70,70,0
1,3,4.353026024252815,70,70,0
2,0,5.003009376366692,140,140,0
2,1,5.003009376366692,140,140,0
2,2,5.003009376366692,140,140,0
2,3,5.003009376366692,140,140,0
3,0,5.510338574923197,210,210,0
3,1,5.510338574923197,210,210,0
3,2,5.510338574923197,210,210,0
3,3,5.510338574923197,210,210,0
4,0,5.952970807915308,280,280,0
4,1,5.952970807915308,280,280,0
4,2,5.952970807915308,280,280,0
4,3,5.952970807915308,280,280,0
5,0,6.3576097917898835,350,350,0
5,1,6.3576097917898835,350,350,0
5,2,6.3576097917898835,350,350,0
5,3,6.3576097917898835,350,350,0
6,0,6.718308193645051,420,420,0
6,1,6.718308193645051,420,420,0
6,2,6.718308193645051,420,420,0
6,3,6.718308193645051,420,420,0
7,0,7.066383190499624,490,490,0
7,1,7.066383190499624,490,490,0
7,2,7.066383190499624,490,490,0
7,3,7.066383190499624,490,490,0
8,0,7.389910577707728,560,560,0
8,1,7.389910577707728,560,560,0
8,2,7.389910577707728,560,560,0
8,3,7.389910577707728,560,560,0
9,0,7.707298654054489,630,630,0
9,1,7.707298654054489,630,630,0
9,2,7.707298654054489,630,630,0
9,3,7.707298654054489,630,630,0
10,0,7.9996425564687454,700,700,0
10,1,7.9996425564687454,700,700,0
10,2,7.9996425564687454,700,700,0
10,3,7.9996425564687454,700,700,0
